site_name,carcass_id,no_scavenge,partial_scavenge,mass_kg,kg_consumed,proportion_consumed,deployment_date_time,deployment_type_AM_PM,first_scavenger_date_time,full_scavenge_date_time,hours_to_first_scavenging_event,hours_to_full_scavenge,percent_developed_1km
Laguna,2,TRUE,FALSE,0.1243296686,0.1243296686,1,2023-02-20T08:21:44Z,day,NA,NA,NA,NA,0.0767148014440433
Seabright 1,3,TRUE,FALSE,0.141430101,0.141430101,1,2023-02-20T08:59:40Z,day,NA,NA,NA,NA,0.9327442317133038
Scotts,5,FALSE,FALSE,0.1495494044,0.1495494044,1,2023-02-21T07:37:40Z,day,2023-02-21T08:11:28Z,2023-02-21T08:11:28Z,0.5633333333333334,0.5633333333333334,0.11151641479937469
Seabright 1,6,TRUE,FALSE,0.1280944853,0.1280944853,1,2023-02-21T10:06:54Z,day,NA,NA,NA,NA,0.9327442317133038
Laguna,7,FALSE,FALSE,0.138277634,0.138277634,1,2023-02-21T08:20:03Z,day,2023-02-21T09:53:37Z,2023-02-21T09:53:37Z,1.5594444444444444,1.5594444444444444,0.0767148014440433
Seabright 1,9,FALSE,FALSE,0.1342179823,0.1342179823,1,2023-02-21T17:22:26Z,night,2023-02-21T20:23:53Z,2023-02-21T20:23:53Z,3.0241666666666664,3.0241666666666664,0.9327442317133038
Scotts,10,FALSE,FALSE,0.1038499731,0.1038499731,1,2023-02-21T17:54:13Z,night,2023-02-22T06:40:32Z,2023-02-22T06:40:32Z,12.771944444444445,12.771944444444445,0.11151641479937469
Laguna,11,FALSE,FALSE,0.1167093168,0.1167093168,1,2023-02-21T18:17:08Z,night,2023-02-21T18:26:10Z,2023-02-22T00:27:00Z,0.15055555555555555,6.164444444444444,0.0767148014440433
Scotts,13,FALSE,FALSE,0.1575326301,0.1575326301,1,2023-02-24T08:14:48Z,day,2023-02-24T08:24:49Z,2023-02-24T08:24:49Z,0.16694444444444445,0.16694444444444445,0.11151641479937469
Laguna,14,FALSE,TRUE,0.1411806252,0.02478062516,0.1755242629,2023-02-23T18:10:03Z,night,2023-02-23T18:46:44Z,NA,0.6113888888888889,NA,0.0767148014440433
Seabright 2,16,FALSE,FALSE,0.1287295146,0.1287295146,1,2023-02-23T19:03:08Z,night,2023-02-24T05:26:21Z,2023-02-24T05:26:21Z,10.386944444444444,10.386944444444444,0.9202072538860104
Scotts,18,FALSE,FALSE,0.1164144818,0.1164144818,1,2023-02-24T17:45:22Z,night,2023-02-24T20:54:28Z,2023-02-25T06:45:48Z,3.151666666666667,13.007222222222222,0.11151641479937469
Laguna,19,FALSE,FALSE,0.1320860981,0.1320860981,1,2023-02-24T08:34:51Z,day,2023-02-24T14:39:08Z,2023-02-24T14:39:08Z,6.0713888888888885,6.0713888888888885,0.0767148014440433
Seabright 2,20,FALSE,FALSE,0.1379601193,0.1379601193,1,2023-02-24T09:06:59Z,day,2023-02-24T10:44:03Z,2023-02-24T10:50:47Z,1.6177777777777778,1.73,0.9202072538860104
Seabright 1,21,FALSE,FALSE,0.1166185983,0.1166185983,1,2023-02-24T09:17:46Z,day,2023-02-24T10:45:43Z,2023-02-24T10:45:43Z,1.4658333333333333,1.4658333333333333,0.9327442317133038
Waddell,23,FALSE,TRUE,0.1345581766,0.05760817656,0.4281283979,2023-02-24T17:25:46Z,night,2023-02-24T18:29:12Z,NA,1.0572222222222223,NA,0.15126050420168066
Laguna,25,FALSE,FALSE,0.1383003136,0.1383003136,1,2023-02-24T18:08:27Z,night,2023-02-24T18:37:56Z,2023-02-25T07:09:26Z,0.4913888888888889,13.016388888888889,0.0767148014440433
Seabright 2,26,FALSE,FALSE,0.1298181363,0.1298181363,1,2023-02-24T18:50:44Z,night,2023-02-25T04:23:50Z,2023-02-25T04:23:50Z,9.551666666666666,9.551666666666666,0.9202072538860104
Seabright 1,28,FALSE,FALSE,0.1494360063,0.1494360063,1,2023-02-24T19:03:58Z,night,2023-02-24T19:38:01Z,2023-02-24T19:38:01Z,0.5675,0.5675,0.9327442317133038
Waddell,29,TRUE,FALSE,0.4478997858,0,0,2023-02-25T07:38:30Z,day,NA,NA,NA,NA,0.15126050420168066
Scotts,30,FALSE,FALSE,0.1395930519,0.1395930519,1,2023-02-25T07:55:24Z,day,2023-02-25T07:59:08Z,2023-02-25T07:59:08Z,0.06222222222222222,0.06222222222222222,0.11151641479937469
Laguna,31,FALSE,FALSE,0.11977106529999999,0.11977106529999999,1,2023-02-25T08:21:37Z,day,2023-02-25T08:28:21Z,2023-02-25T08:31:11Z,0.11222222222222222,0.15944444444444444,0.0767148014440433
Seabright 2,32,FALSE,FALSE,0.117412385,0.117412385,1,2023-02-25T08:52:04Z,day,2023-02-25T13:01:10Z,2023-02-25T13:01:10Z,4.151666666666666,4.151666666666666,0.9202072538860104
Seabright 1,33,FALSE,FALSE,0.1530647453,0.1530647453,1,2023-02-25T09:03:22Z,day,2023-02-25T11:26:52Z,2023-02-25T14:34:19Z,2.3916666666666666,5.515833333333333,0.9327442317133038
Waddell,35,FALSE,TRUE,0.1251007756,0.06480077565,0.5179886001,2023-02-26T17:42:10Z,night,2023-02-26T18:51:24Z,NA,1.153888888888889,NA,0.15126050420168066
Scotts,36,FALSE,FALSE,0.1445372087,0.1445372087,1,2023-02-26T17:59:58Z,night,2023-02-27T06:44:40Z,2023-02-27T06:47:10Z,12.745,12.786666666666667,0.11151641479937469
Laguna,37,FALSE,FALSE,0.1247379018,0.1247379018,1,2023-02-26T18:24:48Z,night,2023-02-26T18:42:30Z,NA,0.295,NA,0.0767148014440433
Seabright 1,39,FALSE,FALSE,0.1372570512,0.1372570512,1,2023-02-26T18:00:28Z,night,2023-02-26T18:01:36Z,2023-02-26T18:01:36Z,0.01888888888888889,0.01888888888888889,0.9327442317133038
Seabright 2,41,FALSE,FALSE,0.1332654383,0.1332654383,1,2023-02-26T19:14:18Z,night,NA,NA,NA,NA,0.9202072538860104
Waddell,42,FALSE,FALSE,0.1596645142,0.1596645142,1,2023-02-27T08:02:50Z,day,2023-02-27T09:25:00Z,2023-02-27T09:25:00Z,1.3694444444444445,1.3694444444444445,0.15126050420168066
Scotts,43,FALSE,FALSE,0.1939560974,0.1939560974,1,2023-02-27T08:17:22Z,day,2023-02-27T08:26:42Z,2023-02-27T08:29:14Z,0.15555555555555556,0.19777777777777777,0.11151641479937469
Seabright 2,46,FALSE,TRUE,0.133106681,0.002896680977,0.02176210056,2023-02-27T09:12:16Z,day,2023-02-27T13:15:56Z,2023-02-27T13:15:56Z,4.061111111111111,4.061111111111111,0.9202072538860104
Seabright 1,47,FALSE,FALSE,0.1198617838,0.1198617838,1,2023-02-27T16:19:58Z,night,2023-02-27T17:06:22Z,2023-02-27T17:06:22Z,0.7733333333333333,0.7733333333333333,0.9327442317133038
Seabright 2,49,FALSE,FALSE,0.1449681215,0.1449681215,1,2023-02-28T07:08:40Z,day,2023-02-28T10:40:22Z,NA,3.5283333333333333,NA,0.9202072538860104
Seabright 2,50,FALSE,FALSE,0.1266203101,0.1266203101,1,2023-02-27T17:07:14Z,night,2023-02-27T17:13:24Z,2023-02-27T17:22:22Z,0.10277777777777777,0.25222222222222224,0.9202072538860104
Waddell,52,FALSE,TRUE,0.1176845404,0.0743445404,0.6317273292,2023-02-27T17:30:04Z,night,2023-02-27T18:41:48Z,NA,1.1955555555555555,NA,0.15126050420168066
Scotts,53,FALSE,FALSE,0.1342406619,0.1342406619,1,2023-02-27T17:44:20Z,night,2023-02-28T06:53:12Z,2023-02-28T06:53:12Z,13.147777777777778,13.147777777777778,0.11151641479937469
Waddell,55,TRUE,FALSE,0.1456711896,0,0,2023-02-28T08:03:58Z,day,NA,NA,NA,NA,0.15126050420168066
Scotts,56,FALSE,FALSE,0.1137382868,0.1137382868,1,2023-02-28T08:18:14Z,day,2023-02-28T08:37:16Z,2023-02-28T08:38:30Z,0.31722222222222224,0.3377777777777778,0.11151641479937469
Blacks,61,TRUE,FALSE,0.1347622931,0,0,2023-04-03T19:18:44Z,night,NA,NA,NA,NA,0.9261904761904762
Bonny Doon,62,FALSE,TRUE,0.1307706803,0.02527068027,0.1932442365,2023-04-03T19:11:00Z,night,2023-04-03T20:24:50Z,NA,1.2305555555555556,NA,0.083596214511041
Natural Bridges,63,FALSE,FALSE,0.1209957647,0.1209957647,1,2023-04-03T19:56:26Z,night,2023-04-04T01:49:04Z,2023-04-04T01:49:04Z,5.877222222222223,5.877222222222223,0.7444134078212291
Twin Lakes,64,TRUE,FALSE,0.1712537993,0,0,2023-04-03T19:04:10Z,night,NA,NA,NA,NA,0.907163323782235
Four Mile,65,TRUE,FALSE,0.1031015457,0,0,2023-04-03T20:10:44Z,night,NA,NA,NA,NA,0.05675675675675675
Panther,66,FALSE,TRUE,0.1354653613,0.004695361301,0.03466097352,2023-04-03T19:38:36Z,night,2023-04-03T20:45:56Z,NA,1.1222222222222222,NA,0.05571428571428572
Blacks,67,TRUE,FALSE,0.1231730081,0,0,2023-04-04T07:26:04Z,day,NA,NA,NA,NA,0.9261904761904762
Twin Lakes,68,TRUE,FALSE,0.1211318424,0,0,2023-04-04T07:38:14Z,day,NA,NA,NA,NA,0.907163323782235
Natural Bridges,69,FALSE,FALSE,0.1585985722,0.1585985722,1,2023-04-04T08:05:20Z,day,2023-04-04T09:30:10Z,2023-04-04T09:31:50Z,1.413888888888889,1.4416666666666667,0.7444134078212291
Four Mile,71,FALSE,FALSE,0.1199298226,0.1199298226,1,2023-04-04T08:07:04Z,day,2023-04-04T12:57:46Z,2023-04-04T12:57:46Z,4.845,4.845,0.05675675675675675
Bonny Doon,72,FALSE,FALSE,0.1142825976,0.1142825976,1,2023-04-04T07:29:40Z,day,2023-04-04T08:25:02Z,2023-04-04T08:26:00Z,0.9227777777777778,0.9388888888888889,0.083596214511041
Panther,73,TRUE,FALSE,0.1217441921,0,0,2023-04-04T07:44:08Z,day,NA,NA,NA,NA,0.05571428571428572
Bonny Doon,74,FALSE,TRUE,0.1506833853,0.03376338531,0.2240684017,2023-04-04T16:53:38Z,night,2023-04-04T20:00:42Z,NA,3.117777777777778,NA,0.083596214511041
Four Mile,75,TRUE,FALSE,0.1325396905,0,0,2023-04-04T17:32:30Z,night,NA,NA,NA,NA,0.05675675675675675
Natural Bridges,76,FALSE,FALSE,0.1057323814,0.1057323814,1,2023-04-04T18:18:08Z,night,2023-04-04T20:45:24Z,2023-04-04T20:45:24Z,2.4544444444444444,2.4544444444444444,0.7444134078212291
Blacks,77,TRUE,FALSE,0.1072292363,0,0,2023-04-04T18:48:46Z,night,NA,NA,NA,NA,0.9261904761904762
Twin Lakes,78,TRUE,FALSE,0.1204741335,0,0,2023-04-04T19:00:24Z,night,NA,NA,NA,NA,0.907163323782235
Blacks,80,FALSE,FALSE,0.11939,0.11939,1,2023-04-05T07:32:12Z,day,2023-04-05T11:46:34Z,2023-04-05T11:49:04Z,4.239444444444445,4.2811111111111115,0.9261904761904762
Twin Lakes,81,TRUE,FALSE,0.128,0,0,2023-04-05T07:45:50Z,day,NA,NA,NA,NA,0.907163323782235
Bonny Doon,83,TRUE,FALSE,0.11359,0,0,2023-04-05T07:34:02Z,day,NA,NA,NA,NA,0.083596214511041
Panther,84,FALSE,FALSE,0.14374,0.14374,1,2023-04-05T08:01:14Z,day,2023-04-05T12:13:04Z,2023-04-05T12:13:04Z,4.197222222222222,4.197222222222222,0.05571428571428572
Four Mile,85,TRUE,FALSE,0.14747,0,0,2023-04-05T08:26:54Z,day,NA,NA,NA,NA,0.05675675675675675
Twin Lakes,86,FALSE,FALSE,0.0846,0.0846,1,2023-04-10T19:24:56Z,night,2023-04-11T06:54:48Z,2023-04-11T06:54:48Z,11.497777777777777,11.497777777777777,0.907163323782235
Natural Bridges,87,FALSE,FALSE,0.12985,0.12985,1,2023-04-05T09:14:12Z,day,2023-04-05T09:40:44Z,2023-04-05T10:11:24Z,0.44222222222222224,0.9533333333333334,0.7444134078212291
Natural Bridges,88,TRUE,FALSE,0.19272,0,0,2023-04-10T18:34:26Z,night,NA,NA,NA,NA,0.7444134078212291
Panther,89,FALSE,TRUE,0.14778,0.01608,0.1088103938,2023-04-10T19:33:32Z,night,2023-04-10T20:14:42Z,NA,0.6861111111111111,NA,0.05571428571428572
Bonny Doon,90,FALSE,TRUE,0.14941,0.02307,0.1544073355,2023-04-10T19:10:56Z,night,2023-04-10T20:06:54Z,NA,0.9327777777777778,NA,0.083596214511041
Four Mile,91,FALSE,TRUE,0.11679,0.032,0.2739960613,2023-04-10T17:58:24Z,night,2023-04-10T20:40:26Z,NA,2.7005555555555554,NA,0.05675675675675675
Blacks,92,TRUE,FALSE,0.12518,0,0,2023-04-10T19:08:50Z,night,NA,NA,NA,NA,0.9261904761904762
Bonny Doon,93,FALSE,FALSE,0.09881,0.09881,1,2023-04-11T07:19:20Z,day,2023-04-11T11:20:22Z,2023-04-11T11:20:22Z,4.017222222222222,4.017222222222222,0.083596214511041
Panther,94,TRUE,FALSE,0.12644,0,0,2023-04-11T07:45:46Z,day,NA,NA,NA,NA,0.05571428571428572
Four Mile,95,TRUE,FALSE,0.13923,0,0,2023-04-11T08:15:26Z,day,NA,NA,NA,NA,0.05675675675675675
Natural Bridges,96,FALSE,TRUE,0.13751,0.02127,0.1546796597,2023-04-11T07:24:52Z,day,2023-04-11T09:44:00Z,2023-04-11T10:14:54Z,2.318888888888889,2.8338888888888887,0.7444134078212291
Twin Lakes,97,FALSE,FALSE,0.12682,0.12682,1,2023-04-11T07:56:18Z,day,2023-04-11T08:11:56Z,2023-04-11T08:15:30Z,0.26055555555555554,0.32,0.907163323782235
Blacks,98,FALSE,FALSE,0.11186,0.11186,1,2023-04-11T08:05:06Z,day,2023-04-11T13:18:48Z,2023-04-11T14:04:00Z,5.2283333333333335,5.9816666666666665,0.9261904761904762
Bonny Doon,99,FALSE,FALSE,0.11482,0.11482,1,2023-04-11T18:12:06Z,night,2023-04-11T20:28:02Z,2023-04-12T01:19:04Z,2.2655555555555558,7.1161111111111115,0.083596214511041
Four Mile,101,FALSE,FALSE,0.15378,0.15378,1,2023-04-11T18:49:56Z,night,2023-04-11T18:54:58Z,2023-04-12T04:07:12Z,0.08388888888888889,9.287777777777778,0.05675675675675675
Natural Bridges,102,FALSE,FALSE,0.13521,0.13521,1,2023-04-11T19:09:26Z,night,2023-04-12T03:26:02Z,2023-04-12T03:26:02Z,8.276666666666667,8.276666666666667,0.7444134078212291
Twin Lakes,103,FALSE,TRUE,0.14572,0.13589,0.9325418611,2023-04-11T19:30:26Z,night,2023-04-12T07:06:58Z,2023-04-12T07:25:28Z,11.608888888888888,11.917222222222222,0.907163323782235
Blacks,104,FALSE,FALSE,0.14231,0.14231,1,2023-04-11T19:39:32Z,night,2023-04-12T07:07:36Z,2023-04-12T07:19:08Z,11.467777777777778,11.66,0.9261904761904762
Twin Lakes,105,FALSE,FALSE,0.1494,0.1494,1,2023-04-12T07:45:52Z,day,2023-04-12T07:51:22Z,2023-04-12T08:37:08Z,0.09166666666666666,0.8544444444444445,0.907163323782235
Natural Bridges,107,FALSE,TRUE,0.12708,0.00208,0.01636764243,2023-04-12T08:19:30Z,day,2023-04-12T08:21:34Z,NA,0.034444444444444444,NA,0.7444134078212291
Bonny Doon,108,TRUE,FALSE,0.1386,0,0,2023-04-12T07:29:42Z,day,NA,NA,NA,NA,0.083596214511041
Three Mile,110,TRUE,FALSE,0.11331,0,0,2023-04-17T18:02:58Z,night,NA,NA,NA,NA,0.0704697986577181
Sand Plant,111,TRUE,FALSE,0.15468,0,0,2023-04-17T18:36:12Z,night,NA,NA,NA,NA,0.0955955955955956
Four Mile,112,TRUE,FALSE,0.14113,0,0,2023-04-12T08:05:52Z,day,NA,NA,NA,NA,0.05675675675675675
Strawberry,113,TRUE,FALSE,0.13697,0,0,2023-04-17T19:04:42Z,night,NA,NA,NA,NA,0.05666666666666665
New Brighton,114,TRUE,FALSE,0.11504,0.11504,1,2023-04-17T20:55:40Z,night,NA,NA,NA,NA,0.7828096118299446
Seacliff,115,FALSE,FALSE,0.14971,0.14971,1,2023-04-17T20:27:24Z,night,2023-04-17T20:45:20Z,2023-04-17T21:25:48Z,0.29888888888888887,0.9733333333333334,0.965390665967488
Younger,116,FALSE,FALSE,0.11493,0.11493,1,2023-04-17T20:24:14Z,night,2023-04-17T22:59:44Z,2023-04-18T03:50:12Z,2.591666666666667,7.432777777777778,0.34704830053667257
Seacliff,117,FALSE,FALSE,0.09482,0.09482,1,2023-04-18T07:26:12Z,day,2023-04-18T07:30:18Z,2023-04-18T15:09:14Z,0.06833333333333333,7.717222222222222,0.965390665967488
New Brighton,118,TRUE,FALSE,0.12492,0,0,2023-04-18T07:53:02Z,day,NA,NA,NA,NA,0.7828096118299446
Younger,119,FALSE,FALSE,0.11088,0.11088,1,2023-04-18T08:38:38Z,day,2023-04-18T10:05:16Z,2023-04-18T10:05:16Z,1.443888888888889,1.443888888888889,0.34704830053667257
Three Mile,120,TRUE,FALSE,0.14053,0,0,2023-04-18T07:23:04Z,day,NA,NA,NA,NA,0.0704697986577181
Strawberry,122,TRUE,FALSE,0.13266,0,0,2023-04-18T08:12:40Z,day,NA,NA,NA,NA,0.05666666666666665
Three Mile,123,TRUE,FALSE,0.14822,0,0,2023-04-18T18:05:14Z,night,NA,NA,NA,NA,0.0704697986577181
Sand Plant,124,TRUE,FALSE,0.15518,0,0,2023-04-18T18:36:24Z,night,NA,NA,NA,NA,0.0955955955955956
Strawberry,125,TRUE,FALSE,0.10664,0,0,2023-04-18T19:04:50Z,night,NA,NA,NA,NA,0.05666666666666665
Younger,126,FALSE,FALSE,0.1069,0.1069,1,2023-04-18T18:21:08Z,night,2023-04-18T21:44:02Z,2023-04-19T04:55:40Z,3.381666666666667,10.575555555555555,0.34704830053667257
New Brighton,128,FALSE,FALSE,0.10808,0.10808,1,2023-04-18T19:14:44Z,night,2023-04-18T20:24:32Z,2023-04-18T20:24:32Z,1.1633333333333333,1.1633333333333333,0.7828096118299446
Younger,129,FALSE,FALSE,0.14782,0.14782,1,2023-04-19T07:06:44Z,day,2023-04-19T07:16:22Z,2023-04-19T07:16:22Z,0.16055555555555556,0.16055555555555556,0.34704830053667257
Seacliff,130,FALSE,FALSE,0.13061,0.13061,1,2023-04-19T07:37:56Z,day,2023-04-19T08:59:56Z,2023-04-19T13:47:34Z,1.3666666666666667,6.160555555555556,0.965390665967488
New Brighton,131,TRUE,FALSE,0.1164,0,0,2023-04-19T07:57:28Z,day,NA,NA,NA,NA,0.7828096118299446
Three Mile,132,TRUE,FALSE,0.14391,0,0,2023-04-19T07:24:48Z,day,NA,NA,NA,NA,0.0704697986577181
Sand Plant,133,TRUE,FALSE,0.11523,0,0,2023-04-19T07:53:52Z,day,NA,NA,NA,NA,0.0955955955955956
Strawberry,134,TRUE,FALSE,0.13622,0,0,2023-04-19T08:15:06Z,day,NA,NA,NA,NA,0.05666666666666665
Seacliff,135,FALSE,FALSE,0.12355,0.12355,1,2023-04-24T19:01:14Z,night,2023-04-24T21:43:48Z,2023-04-24T21:43:48Z,2.7094444444444443,2.7094444444444443,0.965390665967488
New Brighton,136,FALSE,FALSE,0.13258,0.13258,1,2023-04-24T19:28:38Z,night,2023-04-25T01:24:14Z,2023-04-25T01:24:14Z,5.926666666666667,5.926666666666667,0.7828096118299446
Younger,137,FALSE,FALSE,0.12096,0.12096,1,2023-04-24T18:09:10Z,night,2023-04-25T06:41:20Z,2023-04-25T06:41:20Z,12.536111111111111,12.536111111111111,0.34704830053667257
Sand Plant,138,FALSE,TRUE,0.1567,0,0,2023-04-24T19:07:03Z,night,2023-04-25T00:36:09Z,NA,5.485,NA,0.0955955955955956
Strawberry,139,TRUE,FALSE,0.12835,0,0,2023-04-24T19:56:44Z,night,NA,NA,NA,NA,0.05666666666666665
Three Mile,140,TRUE,FALSE,0.15526,0,0,2023-04-24T18:19:23Z,night,NA,NA,NA,NA,0.0704697986577181
Three Mile,141,FALSE,FALSE,0.15647,0.15647,1,2023-04-25T07:28:35Z,day,2023-04-25T07:38:45Z,2023-04-25T07:38:45Z,0.16944444444444445,0.16944444444444445,0.0704697986577181
Sand Plant,142,TRUE,FALSE,0.21944,0,0,2023-04-25T08:04:51Z,day,NA,NA,NA,NA,0.0955955955955956
Strawberry,143,TRUE,FALSE,0.1528,0,0,2023-04-25T08:30:04Z,day,NA,NA,NA,NA,0.05666666666666665
Younger,144,FALSE,FALSE,0.13057,0.13057,1,2023-04-25T07:06:12Z,day,2023-04-25T08:27:04Z,2023-04-25T08:27:04Z,1.3477777777777777,1.3477777777777777,0.34704830053667257
Seacliff,145,TRUE,FALSE,0.15085,0,0,2023-04-25T07:36:26Z,day,NA,NA,NA,NA,0.965390665967488
New Brighton,146,TRUE,FALSE,0.13182,0,0,2023-04-25T08:20:28Z,day,NA,NA,NA,NA,0.7828096118299446
Younger,147,FALSE,FALSE,0.14388,0.14388,1,2023-04-25T17:47:36Z,night,2023-04-25T23:40:38Z,2023-04-25T23:48:04Z,5.8838888888888885,6.007777777777778,0.34704830053667257
Three Mile,148,FALSE,FALSE,0.12836,0.12836,1,2023-04-25T17:38:14Z,night,2023-04-26T06:44:00Z,2023-04-26T06:45:39Z,13.096111111111112,13.123611111111112,0.0704697986577181
Strawberry,150,TRUE,FALSE,0.12603,0,0,2023-04-25T18:45:26Z,night,NA,NA,NA,NA,0.05666666666666665
Seacliff,151,TRUE,FALSE,0.11292,0,0,2023-04-25T18:41:36Z,night,NA,NA,NA,NA,0.965390665967488
New Brighton,152,FALSE,FALSE,0.14229,0.14229,1,2023-04-25T19:03:58Z,night,2023-04-25T23:02:14Z,2023-04-25T23:02:14Z,3.971111111111111,3.971111111111111,0.7828096118299446
Three Mile,153,FALSE,FALSE,0.16849,0.16849,1,2023-04-26T07:53:47Z,day,2023-04-26T11:58:50Z,2023-04-26T11:58:50Z,4.0841666666666665,4.0841666666666665,0.0704697986577181
Sand Plant,154,TRUE,FALSE,0.1443,0,0,2023-04-26T09:00:40Z,day,NA,NA,NA,NA,0.0955955955955956
Strawberry,155,TRUE,FALSE,0.2043,0,0,2023-04-26T08:30:14Z,day,NA,NA,NA,NA,0.05666666666666665
Seacliff,156,FALSE,FALSE,0.1631,0.1631,1,2023-04-26T09:49:32Z,day,2023-04-26T18:14:22Z,2023-04-26T18:22:18Z,8.41388888888889,8.546111111111111,0.965390665967488
Younger,157,FALSE,FALSE,0.11424,0.11424,1,2023-04-26T08:07:20Z,day,2023-04-26T09:13:22Z,2023-04-26T09:13:22Z,1.1005555555555555,1.1005555555555555,0.34704830053667257
New Brighton,158,TRUE,FALSE,0.13224,0,0,2023-04-26T09:02:32Z,day,NA,NA,NA,NA,0.7828096118299446
Bonny Doon,160,FALSE,TRUE,0.16495,0.02589,0.1569566535,2023-05-01T18:09:26Z,night,2023-05-01T21:15:52Z,NA,3.107222222222222,NA,0.083596214511041
Panther,161,FALSE,TRUE,0.15346,0.02466,0.1606933403,2023-05-01T18:30:30Z,night,2023-05-01T20:34:52Z,NA,2.0727777777777776,NA,0.05571428571428572
Four Mile,162,FALSE,FALSE,0.11035,0.11035,1,2023-05-01T18:55:04Z,night,2023-05-02T04:00:32Z,2023-05-02T08:12:36Z,9.091111111111111,13.292222222222222,0.05675675675675675
Natural Bridges,163,FALSE,FALSE,0.13562,0.13562,1,2023-05-02T08:16:10Z,day,2023-05-02T08:35:16Z,2023-05-02T08:59:52Z,0.31833333333333336,0.7283333333333334,0.7444134078212291
Twin Lakes,164,FALSE,FALSE,0.12249,0.12249,1,2023-05-02T07:32:32Z,day,2023-05-02T08:56:12Z,2023-05-02T08:57:46Z,1.3944444444444444,1.4205555555555556,0.907163323782235
Bonny Doon,165,TRUE,FALSE,0.11928,0,0,2023-05-02T07:43:22Z,day,NA,NA,NA,NA,0.083596214511041
Panther,166,FALSE,FALSE,0.10473,0.10473,1,2023-05-02T08:05:16Z,day,2023-05-02T08:17:14Z,2023-05-02T08:17:14Z,0.19944444444444445,0.19944444444444445,0.05571428571428572
Four Mile,167,FALSE,FALSE,0.146,0.146,1,2023-05-02T08:28:42Z,day,2023-05-02T09:07:48Z,2023-05-02T09:07:48Z,0.6516666666666666,0.6516666666666666,0.05675675675675675
Natural Bridges,168,FALSE,TRUE,0.15238,0.13285,0.87183357399999994,2023-05-01T19:33:52Z,night,2023-05-02T06:41:52Z,NA,11.133333333333333,NA,0.7444134078212291
Twin Lakes,171,TRUE,FALSE,0.1183,0.1183,1,2023-05-01T18:55:52Z,night,NA,NA,NA,NA,0.907163323782235
Twin Lakes,173,FALSE,FALSE,0.13374,0.13374,1,2023-05-02T18:08:36Z,night,2023-05-02T18:30:14Z,2023-05-02T18:30:14Z,0.3605555555555556,0.3605555555555556,0.907163323782235
Natural Bridges,174,FALSE,TRUE,0.13944,0.03568,0.2558806655,2023-05-02T18:50:06Z,night,2023-05-02T18:57:24Z,NA,0.12166666666666667,NA,0.7444134078212291
Bonny Doon,175,FALSE,TRUE,0.11247,0.02368,0.2105450342,2023-05-02T16:52:34Z,night,2023-05-02T20:33:50Z,NA,3.687777777777778,NA,0.083596214511041
Panther,176,FALSE,FALSE,0.13384,0.13384,1,2023-05-02T17:09:56Z,night,2023-05-02T17:40:08Z,2023-05-02T17:40:08Z,0.5033333333333333,0.5033333333333333,0.05571428571428572
Four Mile,177,FALSE,FALSE,0.12548,0.12548,1,2023-05-02T17:32:12Z,night,2023-05-02T18:55:38Z,2023-05-02T18:55:38Z,1.3905555555555555,1.3905555555555555,0.05675675675675675
Bonny Doon,178,TRUE,FALSE,0.1361,0,0,2023-05-03T07:28:48Z,day,NA,NA,NA,NA,0.083596214511041
Panther,179,FALSE,FALSE,0.11009,0.11009,1,2023-05-03T07:46:28Z,day,2023-05-03T08:37:52Z,2023-05-03T08:37:52Z,0.8566666666666667,0.8566666666666667,0.05571428571428572
Four Mile,180,FALSE,FALSE,0.1564,0.1564,1,2023-05-03T08:14:00Z,day,2023-05-03T08:24:54Z,2023-05-03T08:24:54Z,0.18166666666666667,0.18166666666666667,0.05675675675675675
Blacks,181,FALSE,FALSE,0.14192,0.14192,1,2023-05-03T07:35:00Z,day,2023-05-03T07:50:06Z,2023-05-03T07:57:10Z,0.25166666666666665,0.36944444444444446,0.9261904761904762
Twin Lakes,182,FALSE,FALSE,0.1582,0.1582,1,2023-05-03T07:45:04Z,day,2023-05-03T07:51:32Z,2023-05-03T07:51:32Z,0.10777777777777778,0.10777777777777778,0.907163323782235
Natural Bridges,183,FALSE,FALSE,0.10077,0.10077,1,2023-05-03T08:12:10Z,day,2023-05-03T08:22:32Z,2023-05-03T09:33:38Z,0.17277777777777778,1.3577777777777778,0.7444134078212291
Three Mile,185,FALSE,FALSE,0.12873,0.12873,1,2023-05-09T07:14:24Z,day,2023-05-09T09:09:26Z,2023-05-09T09:09:26Z,1.9172222222222222,1.9172222222222222,0.0704697986577181
Younger,186,FALSE,FALSE,0.12434,0.12434,1,2023-05-08T18:01:14Z,night,2023-05-08T23:34:32Z,2023-05-08T23:40:32Z,5.555,5.655,0.34704830053667257
Sand Plant,187,FALSE,FALSE,0.13231,0.13231,1,2023-05-09T07:51:06Z,day,2023-05-09T08:26:58Z,2023-05-09T08:26:58Z,0.5977777777777777,0.5977777777777777,0.0955955955955956
Three Mile,188,FALSE,FALSE,0.11902,0.11902,1,2023-05-08T18:29:52Z,night,2023-05-08T18:42:24Z,2023-05-08T18:46:38Z,0.2088888888888889,0.27944444444444444,0.0704697986577181
New Brighton,189,FALSE,FALSE,0.09784,0.09784,1,2023-05-09T19:55:06Z,night,2023-05-09T21:54:18Z,2023-05-09T22:04:50Z,1.9866666666666666,2.1622222222222223,0.7828096118299446
Sand Plant,190,TRUE,FALSE,0.1512,0,0,2023-05-08T19:05:06Z,night,NA,NA,NA,NA,0.0955955955955956
Seacliff,191,FALSE,FALSE,0.1083,0.1083,1,2023-05-08T18:48:44Z,night,2023-05-08T19:05:42Z,2023-05-08T23:58:14Z,0.2827777777777778,5.158333333333333,0.965390665967488
New Brighton,194,FALSE,FALSE,0.10095,0.10095,1,2023-05-09T07:30:42Z,day,2023-05-09T08:16:40Z,2023-05-09T08:16:40Z,0.7661111111111111,0.7661111111111111,0.7828096118299446
Seacliff,195,FALSE,FALSE,0.16209,0.16209,1,2023-05-09T08:22:46Z,day,2023-05-09T11:58:48Z,2023-05-09T14:32:10Z,3.6005555555555557,6.156666666666666,0.965390665967488
Younger,196,TRUE,FALSE,0.11562,0,0,2023-05-09T17:51:16Z,night,NA,NA,NA,NA,0.34704830053667257
Three Mile,197,FALSE,FALSE,0.11028,0.11028,1,2023-05-09T18:15:50Z,night,2023-05-09T18:21:22Z,2023-05-09T18:21:22Z,0.09222222222222222,0.09222222222222222,0.0704697986577181
Sand Plant,198,FALSE,FALSE,0.1135,0.1135,1,2023-05-09T18:47:04Z,night,2023-05-09T18:49:02Z,2023-05-09T18:49:02Z,0.03277777777777778,0.03277777777777778,0.0955955955955956
Three Mile,199,FALSE,FALSE,0.12562,0.12562,1,2023-05-10T07:24:12Z,day,2023-05-10T08:00:38Z,2023-05-10T10:07:06Z,0.6072222222222222,2.715,0.0704697986577181
Sand Plant,200,FALSE,FALSE,0.16141,0.16141,1,2023-05-10T07:58:20Z,day,2023-05-10T08:04:50Z,2023-05-10T08:06:06Z,0.10833333333333334,0.12944444444444445,0.0955955955955956
Seacliff,201,TRUE,FALSE,0.13924,0,0,2023-05-10T08:22:06Z,day,NA,NA,NA,NA,0.965390665967488
Younger,202,FALSE,FALSE,0.11652,0.11652,1,2023-05-10T07:20:14Z,day,2023-05-10T16:36:10Z,2023-05-10T16:36:10Z,9.265555555555556,9.265555555555556,0.34704830053667257
New Brighton,203,TRUE,FALSE,0.1226,0,0,2023-05-10T09:09:38Z,day,NA,NA,NA,NA,0.7828096118299446
